Year;GDP at market prices;Imports;Exports;Consumption: Private consumption;Consumption: Public consumption;Total fixed investments;Total Value Added;Net Indirect Taxes;Value added: agriculture;Value added: Industry including energy;Total supply;Value added: industry Constructions;Value added:Total Industry;Value added: Services;Total consumption;Constructions;Other fixed investments;Inventoryvariation;Total investments;Total uses
1950;5061.77067;516.3984683;454.8620289;3532.350088;572.0597464;1044.822946;4435.142453;626.6282167;1296.767041;1271.910632;5578.169138;208.6398289;1480.550461;1657.824952;4104.409835;352.8594284;691.9635175;-25.92567124;1018.897275;5578.169138
1951;6011.069737;758.917403;659.0656262;4185.629525;677.0749947;1234.066578;5255.826925;755.2428122;1358.430901;1605.697728;6769.98714;268.1953531;1873.893081;2023.502943;4862.70452;459.9947321;774.0718462;14.15041583;1248.216994;6769.98714
1952;6505.266311;821.8505686;607.2801575;4515.465538;755.192616;1416.788025;5659.538886;845.7274248;1362.813727;1656.453823;7327.116879;328.8099938;1985.263816;2311.461342;5270.658155;561.4055987;855.3824261;32.39054232;1449.178567;7327.116879
1953;7227.473291;867.8917823;703.7952638;4934.367869;802.8050182;1624.436576;6287.522294;939.9509973;1557.056353;1773.860919;8095.365073;392.5006726;2166.361592;2564.104348;5737.172887;678.8616577;945.5749185;29.96034597;1654.396922;8095.365073
1954;7727.142426;858.7582557;760.0128513;5108.907617;909.1198791;1799.027022;6661.989442;1065.152984;1507.317232;1903.886489;8585.900682;453.8429708;2357.72946;2796.942751;6018.027496;794.0212041;1005.005818;8.833312166;1807.860335;8585.900682
1955;8532.995158;954.8712652;854.0339644;5550.217413;1011.901447;2062.006546;7399.400689;1133.59447;1617.273327;2079.519417;9487.866424;534.0208806;2613.540297;3168.587064;6562.11886;963.6520629;1098.354483;9.707053157;2071.713599;9487.866424
1956;9320.122573;1116.985718;994.4055215;6043.02589;1120.093172;2202.680432;8065.517372;1254.605202;1654.580005;2245.9528;10437.10829;580.0917549;2826.044555;3584.892812;7163.119062;1042.566796;1160.113636;76.90327566;2279.583707;10437.10829
1957;10036.28421;1302.028915;1206.511453;6346.232664;1202.483231;2427.730614;8725.850223;1310.433991;1650.582891;2443.703448;11338.31313;664.8363392;3108.539787;3966.727545;7548.715895;1208.374453;1219.356161;155.3551673;2583.085781;11338.31313
1958;10849.32731;1183.178845;1231.24922;6804.581662;1350.729201;2657.393744;9500.505564;1348.821748;1827.440768;2593.633914;12032.50616;734.4164147;3328.050329;4345.014466;8155.310863;1338.410949;1318.982795;-11.44766946;2645.946074;12032.50616
1959;11551.97056;1237.014526;1361.757781;7078.803042;1469.344566;2928.451464;10151.0771;1400.893451;1753.918375;2834.646482;12788.98508;793.5114048;3628.157887;4769.000842;8548.147608;1470.811843;1457.639621;-49.3717723;2879.079692;12788.98508
1960;12639.59311;1686.793114;1654.418622;7675.005862;1622.400932;3267.028198;11135.64213;1503.950982;1661.302301;3231.370398;14326.38622;875.968336;4107.338734;5367.001091;9297.406794;1625.115944;1641.912254;107.5326085;3374.560807;14326.38622
1961;14261.13787;1884.257015;1885.141389;8489.15065;1818.348048;3756.852463;12532.74142;1728.39645;1909.398962;3644.798847;16145.39489;980.1839564;4624.982804;5998.359655;10307.4987;1846.348975;1910.503488;195.9023368;3952.7548;16145.39489
1962;16071.91947;2183.614848;2107.0305;9507.083339;2126.23742;4298.837272;14245.12645;1826.793025;2083.886469;4100.448987;18255.53432;1182.212926;5282.661913;6878.578066;11633.32076;2202.182755;2096.654517;216.3457891;4515.183061;18255.53432
1963;18524.7243;2704.613286;2314.828616;11039.68014;2590.368687;4746.860922;16505.62307;2019.101227;2203.121449;4758.855021;21229.33759;1390.018884;6148.873906;8153.62772;13630.04882;2574.205271;2172.655651;537.5992263;5284.460149;21229.33759
1964;20431.29307;2619.155903;2660.491675;12102.4064;2997.844252;5187.28641;18294.08568;2137.207386;2328.457831;5107.748099;23050.44897;1602.787211;6710.53531;9255.092537;15100.25065;2986.180405;2201.106004;102.4202294;5289.706639;23050.44897
1965;22084.26121;2675.756183;3186.680483;13133.16072;3465.357982;5265.826938;19871.86243;2212.39878;2453.540751;5417.312077;24760.01739;1660.551343;7077.86342;10340.45826;16598.51871;2996.553069;2269.273869;-291.0087364;4974.818201;24760.01739
1966;24128.67801;3094.046023;3555.450484;14515.84116;3775.809539;5474.297253;21789.44715;2339.230864;2530.910787;6002.307111;27222.72404;1732.668044;7734.975155;11523.56121;18291.6507;3120.604816;2353.692437;-98.67439488;5375.622858;27222.72404
1967;26791.54618;3505.058019;3813.783388;16103.75935;4095.58452;6126.390886;24154.74727;2636.798906;2754.978676;6684.637215;30296.6042;1950.579822;8635.217038;12764.55156;20199.34387;3552.566733;2573.824153;157.0860493;6283.476935;30296.6042
1968;29122.37763;3727.615348;4347.82111;16991.59234;4479.529977;6874.582276;26476.99545;2645.382178;2597.012279;7384.455141;32849.99298;2204.274902;9588.730043;14291.25313;21471.12232;4009.924494;2864.657782;156.4672737;7031.04955;32849.99298
1969;32206.39165;4504.692962;5006.393895;18636.29101;4948.208675;7990.326036;29450.52525;2755.866401;2855.927233;8229.724618;36711.08461;2606.697249;10836.42187;15758.17615;23584.49968;4853.294791;3137.031245;129.8650004;8120.191036;36711.08461
1970;36374.19883;5484.773726;5573.737309;21309.48756;5437.398138;9273.421631;33370.19883;3004;2877.776541;9664.851844;41858.97255;2977.478549;12642.33039;17850.09189;26746.8857;5431.477633;3841.943998;264.9279107;9538.349542;41858.97255
1971;39725.9279;5935.961882;6249.408101;23345.33468;6483.213384;9945.632431;36600.52038;3125.407519;2971.570159;10402.42351;45661.88978;3114.910914;13517.33442;20111.6158;29828.54806;5582.590428;4363.042003;-361.6988151;9583.933616;45661.88978
1972;43557.22087;6803.969863;7167.137436;25695.37463;7356.278116;10679.12885;40418.46366;3138.757213;2972.709477;11307.63551;50361.19074;3300.24737;14607.88288;22837.8713;33051.65275;5941.049251;4738.079601;-536.7283019;10142.40055;50361.19074
1973;52521.82018;9512.171502;8545.294117;30977.64391;8511.230447;13657.45054;48885.37586;3636.444318;3836.870856;14193.32051;62033.99168;4088.470998;18281.79151;26766.7135;39488.87435;7402.002277;6255.448265;342.3726638;13999.82321;62033.99168
1974;66422.12818;14964.54017;12468.15865;38770.91148;10261.32475;18068.0966;61903.5565;4518.571672;4369.831279;19066.84522;81386.66834;5132.261376;24199.1066;33334.61863;49032.23623;9720.622641;8347.473958;1818.17687;19886.27347;81386.66834
1975;76111.43512;14358.46696;14440.96618;45535.30627;12103.8347;19925.94072;72597.98199;3513.45313;5309.368285;21095.12477;90469.90208;6159.248978;27254.37375;40034.23996;57639.14097;11327.94927;8597.991447;-1536.145777;18389.79494;90469.90208
1976;95572.93992;20465.63675;19443.2738;56262.23438;14718.86842;23803.60132;90426.44134;5146.498584;6202.953289;28215.04272;116038.5767;6693.635272;34908.67799;49314.81006;70981.10279;12800.68008;11002.92124;1810.598762;25614.20008;116038.5767
1977;116144.3002;24027.89199;25199.43265;68028.97106;18250.04619;28759.00746;109356.7753;6787.524944;7289.41912;33575.39302;140172.1922;7885.725339;41461.11836;60606.23781;86279.01726;15397.63105;13361.37641;-65.26514282;28693.74232;140172.1922
1978;136750.7967;27107.36;30058.84569;78422.07605;22269.61305;33056.472;129065.5023;7685.294426;8399.7517;38649.4646;163858.1567;9093.664659;47743.12926;72922.62129;100691.6891;18009.85867;15046.61333;51.14988819;33107.62189;163858.1567
1979;167354.5348;36096.31024;37969.62752;96683.92837;27191.03545;40673.88975;159026.6136;8327.921168;10024.39235;47777.10263;203450.845;10759.56169;58536.66433;90465.55695;123874.9638;21512.50316;19161.38659;932.3639436;41606.2537;203450.845
1980;209020.7829;48193.07521;42786.558;123406.4546;34416.56561;53494.3673;197840.4578;11180.32507;11760.30884;59411.01073;257213.8581;13924.61885;73335.62958;112744.5194;157823.0202;28045.66682;25448.70047;3109.912646;56604.27994;257213.8581
1981;250544.4178;59819.40824;55008.60404;147955.0392;44519.67425;64611.46469;238082.9037;12461.51413;13261.94299;68377.34478;310363.8261;17566.04683;85943.39161;138877.5691;192474.7135;35643.95995;28967.50474;-1730.956143;62880.50854;310363.8261
1982;295826.3547;66926.00248;63290.23638;175194.5835;52713.57053;72187.73202;279917.3403;15909.0144;14940.51552;78960.65343;362752.3572;19679.33852;98639.99195;166336.8329;227908.154;40179.24314;32008.48888;-633.7652026;71553.96682;362752.3572
1983;344771.4478;69121.47974;70949.71836;201587.9342;62707.49826;80085.39691;324089.7384;20681.70939;17626.79506;88268.69098;413892.9276;22202.83068;110471.5217;195991.4217;264295.4325;45878.44243;34206.95448;-1437.620187;78647.77672;413892.9276
1984;394405.0777;85260.86169;83797.91648;230938.0481;71075.05321;90568.62315;370884.2027;23520.87494;18319.54495;100977.9753;479665.9394;24447.86785;125425.8431;227138.8147;302013.1013;50160.06066;40408.56249;3286.298454;93854.9216;479665.9394
1985;442950.4236;96081.92067;94527.52949;259253.7931;80395.00258;99914.58591;416609.3534;26341.07022;19360.022;112102.4454;539032.3443;26535.98006;138638.4255;258610.9059;339648.7957;54690.21008;45224.37583;4941.433189;104856.0191;539032.3443
1986;490629.1848;86243.00004;92594.11161;287377.0157;87470.42381;107474.7587;461107.8128;29521.37198;20572.89464;121299.0376;576872.1848;27615.28432;148914.3219;291620.5962;374847.4395;57994.14962;49480.60903;1955.874999;109430.6337;576872.1848
1987;537443.085;95005.61319;97396.28804;313694.3769;99640.82519;117485.7208;501845.5708;35597.51416;21637.90065;131597.3776;632448.6981;28999.65981;160597.0374;319610.6328;413335.2021;60792.58615;56693.13466;4231.487189;121717.208;632448.6981
1988;597924.3894;105331.9176;105790.5911;346529.4312;112961.1685;132971.1212;553466.3055;44458.08389;21469.50778;143486.2956;703256.307;31489.36312;174975.6588;357021.139;459490.5998;66995.55318;65975.568;5003.994977;137975.1162;703256.307
1989;657019.8382;122287.6259;122358.8058;384809.1075;122956.3549;145552.7388;608219.9219;48799.9163;23019.36287;158930.6903;779307.4642;35113.49212;194044.1824;391156.3766;507765.4624;74370.40595;71182.33285;3630.457107;149183.1959;779307.4642
1990;726795.0471;133378.0696;134826.5124;418630.8049;142218.634;161333.4211;667410.1832;59384.8639;23409.50978;166657.993;860173.1166;39847.1344;206505.1274;437495.546;560849.4389;85814.84575;75518.5753;3163.744252;164497.1653;860173.1166
1991;794168.2486;136392.2966;137111.7689;461053.3943;156183.9943;172982.659;726196.6147;67971.63389;26013.91288;174069.3483;930560.5451;43770.25038;217839.5987;482343.1031;617237.3886;94248.99415;78733.66484;3228.728715;176211.3877;930560.5451
1992;836206.0175;148265.6162;147421.6626;493508.7154;163793.6465;177224.498;763166.9401;73039.07741;26447.74641;178960.548;984471.6336;45997.57055;224958.1186;511761.0751;657302.3619;97474.65447;79749.84355;2523.111161;179747.6092;984471.6336
1993;861957.806;151172.4101;176845.0149;504758.3375;167838.9209;165133.5432;782514.4864;79443.3196;26394.38076;181994.7208;1013130.216;45532.09374;227526.8146;528593.2911;672597.2584;93564.05313;71569.49003;-1445.600253;163687.9429;1013130.216
1994;911901.291;170523.6024;200450.7737;538840.0953;171362.1016;170855.445;826570.2109;85331.08011;27636.24154;195095.5035;1082424.893;44884.30221;239979.8057;558954.1637;710202.197;92310.62901;78544.816;916.4777352;171771.9227;1082424.893
1995;984983.4;207590.3;243778.2;581399.1;172239;188431.4;888807.3;96176.1;29701.6;213257.4;1192573.7;45838.5;259095.9;600009.8;753638.1;98642.6;89788.8;6726;195157.4;1192573.7
1996;1043085.8;200480.2;247867.7;611247.4;184834;197528.7;942849.6;100236.2;31133;221742.6;1243566;48078.3;269820.9;641895.7;796081.4;102878.8;94649.9;2088.2;199616.9;1243566
1997;1089869.2;223221.2;263751.4;645244.3;194086;205798.3;977537.1;112332.1;31263.5;228217.1;1313090.4;48003.5;276220.6;670053;839330.3;105107.7;100690.6;4210.4;210008.7;1313090.4
1998;1135499.5;239446.1;273913;679167.4;200567;218103.8;985292.6;150206.9;31205.5;230443.4;1374945.6;46421.7;276865.1;677222;879734.4;107576.3;110527.5;3194.4;221298.2;1374945.6
1999;1171901.4;251662.1;272472.8;709500.1;207155;229737.1;1019595.4;152306;32175.8;232694.6;1423563.5;48021.5;280716.1;706703.5;916655.1;112367.7;117369.4;4698.5;234435.6;1423563.5
2000;1239266.3;307545.4;317968.3;750485.2;221614;253202;1080659.3;158607;32244.7;241100.8;1546811.7;51800.4;292901.2;755513.4;972099.2;123445.1;129756.9;3542.2;256744.2;1546811.7
2001;1298890.2;317922.5;334227.2;774938.2;239171;266185.2;1140434.1;158456.1;33333;247573.6;1616812.7;57277.2;304850.8;802250.3;1014109.2;131398.6;134786.6;2291.1;268476.3;1616812.7
2002;1345794.2;319306.3;329345.2;797758.6;249773;285359.3;1180434.3;165359.9;33242.8;251649;1665100.5;61457.5;313106.5;834085;1047531.6;144428.3;140931;2864.4;288223.7;1665100.5
2003;1390709.6;318582.4;324880;827517.4;263937;288153.9;1222814.6;167895;33554.4;250057.6;1709292;66468.2;316525.8;872734.4;1091454.4;152033.2;136120.7;4803.7;292957.6;1709292
2004;1448362.7;340086.3;348518.1;855845.5;277453;301783.5;1271427.8;176934.9;34515.3;257188.7;1788449;71956.1;329144.8;907767.7;1133298.5;161795.9;139987.6;4848.9;306632.4;1788449
2005;1489725.5;368888.1;367242.1;885372;291616;315193.3;1303103.5;186622;31547.4;258297.6;1858613.6;76174.5;334472.1;937084;1176988;170810.3;144383;-809.8;314383.5;1858613.6
2006;1548473.4;419083.6;406133.1;921508.9;300894;332741.6;1344796.5;203676.9;32158.3;269765.2;1967557;79542.8;349308;963330.2;1222402.9;179034.5;153707.1;6279.4;339021;1967557
2007;1609550.8;447237;441454.7;953415.4;304833;347176.2;1399471.8;210079;32209.8;284974.5;2056787.8;83243.6;368218.1;999043.9;1258248.4;186423.1;160753.1;9908.5;357084.7;2056787.8
2008;1632150.8;452978.4;440102;972390.7;317133;346691.4;1432314.9;199835.9;32518.8;286281.2;2085129.2;85670.5;371951.7;1027844.4;1289523.7;186778.3;159913.1;8812.1;355503.5;2085129.2
2009;1572878.3;363846.4;353529.5;953739.9;324433;314359.9;1388091.3;184787;32294.7;251595.9;1936724.7;82334.4;333930.3;1021866.3;1278172.9;171670.6;142689.3;-9337.6;305022.3;1936724.7
2010;1604514.5;435744.2;404148.5;978931.9;327648;320001.7;1406752.6;197761.9;31115.1;262308;2040258.7;78628;340936;1034701.5;1306579.9;169607.1;150394.6;9528.6;329530.3;2040258.7
2011;1637462.9;467931.9;442218.9;1007196;320918;321837.1;1432941.1;204521.8;34182.9;265236.9;2105394.8;79397.7;344634.6;1054123.6;1328114;170182.6;151654.5;13224.8;335061.9;2105394.8
2012;1613265;445237.2;461173.8;993725;315448;296165.8;1395409.9;217855.1;35174.2;258661.7;2058502.2;75560.3;334222;1026013.7;1309173;156194.3;139971.5;-8010.4;288155.4;2058502.2
2013;1604599.1;426887.6;463128.8;980879.9;315416;276667.6;1395675.4;208923.7;37758.1;259525.1;2031486.7;72223.7;331748.8;1026168.5;1296295.9;143834.3;132833.3;-4605.6;272062;2031486.7
2014;1621827.2;429026.1;475301;985995.3;313311;271516;1407306.1;214521.1;36382.5;261711.9;2050853.3;68476.4;330188.3;1040735.3;1299306.3;134442.6;137073.4;4730;276246;2050853.3
2015;1652622.3;446142.8;494563.9;1006491.9;311699;279802.5;1432996.2;219626.1;36132.5;271184.9;2098765.1;69147.7;340332.6;1056531.1;1318190.9;133935.8;145866.7;6207.8;286010.3;2098765.1
2016;1680948.1;446283.4;500948.3;1022410.5;316515;288077.9;1469934.1;211014;36257.5;284089.4;2127231.5;70299.4;354388.8;1079287.8;1338925.5;135419.9;152658;-720.2;287357.7;2127231.5
2017;1716934.7;484485.8;537341;1048392.8;319521;300605.8;1494934.7;222000;36590.6;288759.2;2201420.5;70762.9;359522.1;1098822;1367913.8;137826.2;162779.6;-4440.1;296165.7;2201420.5
2018;1777744.4;505972.3;547785.4;1261987.8;335725.0;319499.8;;;;;;;;;;;;;;
2019;1804066.8;500526.0;558356.4;1272520.1;337134.0;327062.5;;;;;;;;;;;;;;
2020;1670011.9;421070.6;479725.2;1167194.1;346227.0;303972.5;;;;;;;;;;;;;;
2021;1842507.4;536729.2;574339.2;1250832.9;361824.0;382698.4;;;;;;;;;;;;;;
2022;1998072.6;737635.7;701306.3;1387930.3;376408.0;435095.0;;;;;;;;;;;;;;
2023;2142744.4;680824.3;714163.2;1458391.5;383600.0;485410.2;;;;;;;;;;;;;;
2024;2202031.2;666280.6;712028.3;1501435.7;398046.0;473721.8;;;;;;;;;;;;;;
2025;2258048.7;684103.1;727701.8;1541057.9;412111.0;493039.0;;;;;;;;;;;;;;
